user_id,email,username,country,signup_date,birth_year
b4474b8b-d8cf-4035-86c1-8dbf105e4e07,johnsonjoshua@example.org,jillrhodes,USA,2024-07-17 08:54:58,1966
5222585f-445a-4889-9638-46f864201e3d,garzaanthony@example.org,jesseguzman,POL,2023-06-28 21:29:57,1961
1ff619d5-8aff-4e8d-ac84-2705235a14d0,jennifermiles@example.com,shaneramirez,AUS,2025-10-31 21:55:07,2030
6ba771c3-4480-40bb-b7d6-b75bd7087163,blakeerik@example.com,joshua35,IDN,2025-05-09 08:01:33,1977
41156219-0bcf-4b39-a3c3-847c79f677c5,daviscolin@example.com,lindsay78,USA,2023-11-23 15:23:12,1969
8c13479e-866f-42f2-87f7-93bf93758757,dudleynicholas@example.net,maria95,MEX,2023-07-29 03:22:36,1982
91408a84-b0b6-4ad9-bd4c-936f9ecf2749,janetwilliams@example.org,tracie31,COL,2024-06-25 01:34:55,1994
cab17f19-0bb2-4e7a-b0de-ec6fa6a826c3,oramirez@example.com,mitchellclark,ITA,2023-06-11 20:05:57,2000
56ae383e-dea7-481e-89f1-4ce4a69606db,jacqueline19@example.net,amandasanchez,KOR,2024-01-29 02:31:56,2030
404c8fcd-969e-436b-8604-1a93f31eedf3,ogray@example.net,gabriellecameron,CAN,2024-04-21 03:40:38,1989
21c7e15c-1f57-41c1-882c-d5c373e9dcfb,perezantonio@example.com,nadams,KOR,2023-11-30 13:28:40,2002
1a76a2b4-943d-4282-b57f-5ddc231d0b0f,jason76@example.net,ithomas,SAU,2023-05-27 22:10:40,1994
b392e429-e94d-46af-9fe7-ea5102e48b11,julieryan@example.net,zhurst,BRA,2025-08-04 13:48:55,2000
33318a40-bcdb-430b-b637-0f3a7d64e0de,jeffrey28@example.com,camposmichelle,AUS,2024-10-26 02:02:11,1962
aacedf6c-223b-47a7-93a2-fb950fd1f653,courtneyconner@example.com,cruzcaitlin,ITA,2024-07-02 02:24:35,1996
b1db5619-aade-49bf-ac43-92ac81458b59,jrice@example.org,maldonadoamanda,MEX,2024-03-11 23:51:49,2001
feb066f6-9e27-4a18-a938-2878ffda62b9,kayla51@example.com,amoore,IND,2023-10-13 08:58:45,1994
f95d85e4-9bb3-4e87-adf4-d8770f12b900,teresa28@example.org,meagan89,ARG,2025-05-27 21:14:44,1974
fff0922d-d217-408c-beac-4541985fde4a,ericfarmer@example.net,georgetracy,FRA,2025-11-09 17:58:06,1963
f1e74085-6d4c-4b5d-ada0-47c02926114b,hickmannatasha@example.com,brianhumphrey,FRA,2023-11-24 15:22:13,1984
701d2164-e158-4111-a116-46c1828c88fb,millertodd@example.org,davidalvarez,NLD,2025-12-19 09:09:13,1960
b82ae138-1152-429d-9164-e03814f5e42a,josephbrennan@example.com,sarahcampos,DEU,2024-06-30 23:20:12,1978
4976d66e-2cd1-4b81-b147-339bcd9d1b08,jenniferross@example.net,samuel87,NLD,2023-01-07 09:35:22,1971
ec7b4843-2ad4-4936-bcfb-e587810519cd,wrightcaleb@example.org,briannasmith,DEU,2024-09-03 23:15:48,1972
de51e734-6805-4dd6-9161-a0c7940b8316,perezrebecca@example.com,palmerjoshua,BRA,2025-12-22 00:01:14,1991
d7b8cc27-7b91-4a20-9f97-5afe76b24995,jennifermiles@example.com,esanchez,TUR,2024-05-05 02:06:32,1996
94f44bd0-eb5d-4724-b498-b9b3eb7f8c0d,glee@example.net,agomez,CAN,2025-09-22 02:31:11,1994
bdacaf14-77ec-4589-a453-eb99b47d03b7,dshields@example.net,brownjessica,FRA,2025-08-31 20:01:03,1993
d02fbf3c-24e8-41ed-bc80-f0bc13ab1952,wrightjames@example.com,robertramirez,ESP,2024-03-09 19:38:06,2004
bfd1bf9c-f5ff-4cc7-80df-9daf0dc28152,nancyjones@example.net,williamsyvette,TUR,2025-03-28 23:39:40,1993
b9a535ed-a850-4d77-9f66-69058f2560f5,novaksara@example.org,richardolson,AUS,2024-04-05 02:19:52,1997
f40afd92-9213-415e-9bb0-94ec249c7aa4,kbarrera@example.com,gallowayjoseph,ARG,2024-03-27 00:15:42,2000
59111d95-6389-4b27-afd2-878123e93780,smitchell@example.net,smoore,CAN,2023-03-06 12:01:49,1975
eb7e115d-919e-4668-9e8b-acb19aa65046,tanyariley@example.net,adkinsbrian,SWE,2024-03-14 19:37:58,1996
de83e798-40b4-417c-940b-980c46286d92,hshaw@example.org,yuchristopher,AUS,2025-08-26 14:49:14,1966
73aaab35-f500-4523-a11d-d53bb3e33e7f,caseyjones@example.org,kwilson,KOR,2025-05-17 14:58:03,1963
26b44e2f-d230-4eb4-8b87-a49de10f1e4a,bethwilliams@example.org,ksandoval,EGY,2023-07-21 02:12:24,1981
7dd7231e-aeb2-4fe3-9819-fbb51a91e1bc,sarah35@example.org,randy47,DEU,2024-05-24 06:58:32,1988
8d19d6a5-3c2b-4b12-b3be-8e75e4dba26b,sarah10@example.com,jonesjason,BRA,2024-07-24 16:50:37,1964
4330c27f-4f33-46e9-a9ae-162677cdf329,david51@example.org,justin78,POL,2023-07-20 01:50:30,1994
7c1f5c9c-ecd1-44ea-ac53-4a98c4075349,cheryl80@example.net,sarah12,CAN,2024-04-29 06:03:18,1990
62d0fc02-d265-466b-a5fe-cb6e60d9d62a,darrell18@example.org,juan35,ITA,2023-05-01 05:59:39,1984
92db35ba-72ee-4348-9364-d713ed7ba614,gracefarrell@example.net,dking,NLD,2024-08-07 15:24:04,1995
744f1b38-23fa-4282-b36e-1b3b4f1d0624,waltersmaria@example.org,cookdavid,SWE,2023-11-14 06:54:50,1963
65821525-c1ed-4b3d-acf6-d1db3698394b,evan78@example.net,hhoffman,POL,2023-05-05 11:25:04,1997
7ffa1f54-50c8-47f2-8ecc-cc5ae583e31b,landryhannah@example.org,davenportbrandi,NOR,2023-11-19 02:04:15,1965
b6d2f8a9-db7c-4cbf-afb2-2ea192339736,russellwilliams@example.com,nolanjason,CAN,2023-05-20 08:33:48,1996
159a76c3-2bc5-4d34-b2ab-4f8213098eda,elizabethgomez@example.net,vdickson,COL,2023-03-23 22:33:03,2002
8ea2ddd4-dce0-488e-b838-bf2f10c097ee,sarayoung@example.org,nicolejohnson,NOR,2024-10-09 09:29:39,2005
d92cf1be-3620-469c-9361-7a30c9e116de,kimberly63@example.com,kristinrodriguez,IND,2025-03-21 04:45:54,1979
53cdd46b-9b4a-4601-933b-5ce05fb98212,garrisonjeffrey@example.com,kevin33,CAN,2023-01-20 16:41:08,1996
8f1724e4-2637-4c85-ae85-b7eeb3f29284,kellerraymond@example.com,rasmussenjoshua,CAN,2024-03-12 18:25:07,1982
aa3baa76-cd6a-4925-aed9-b7921998dfd8,ifrazier@example.com,wilsontara,AUS,2025-01-26 10:22:33,1994
7554b5cf-ffaf-46b5-98f2-7bb75c907418,beverlyterrell@example.org,carlsonmichael,COL,2025-12-19 00:17:05,1995
2a4bfcaa-3e27-4a48-8156-1b60a113d86f,samuel81@example.com,jonathanfletcher,SAU,2023-08-01 04:53:21,1966
cc021eb0-f387-466a-a5b7-daaacd4f7658,meyerlindsay@example.net,michaeljones,FRA,2024-07-11 10:15:30,2005
d6f3bffb-4c35-46fc-8f8d-ed88b41d7acf,cindy14@example.net,elizabeth56,SAU,2024-06-24 18:24:04,1963
ef50f5a3-af35-4dc3-ac72-89a55bee8995,angela36@example.net,lbyrd,ESP,2024-07-20 01:36:18,2030
4c6e32c0-5b36-416f-b29c-17a04f27c328,richard04@example.com,russellcarpenter,IND,2023-11-27 16:05:12,1987
e57246c6-0acb-4383-a4b6-2814c11fdebc,steven73@example.net,yleon,DEU,2023-06-04 05:25:36,1983
18fb534e-8131-4076-ab57-fb2fe8689a73,donnacampbell@example.net,clarence34,FRA,2025-05-30 04:38:24,0
c75c9d5b-ec21-49ed-97d1-3a447f973049,lindsayhernandez@example.org,traceycarr,GBR,2025-01-02 07:38:55,2002
02ce3c09-369a-4261-b39a-1f2e8ffe6c86,gibsonolivia@example.net,jennifercruz,POL,2025-04-12 22:35:51,1975
59315029-0fe8-4f98-94a7-52a3e963fc87,psanchez@example.net,staffordmichelle,BRA,2025-04-24 00:54:08,1981
20ad437b-ab7a-4345-b46a-e54b936b4881,osbornejeffery@example.net,pwilliams,ESP,2024-05-23 09:42:50,2004
5d38ba0c-6684-4215-a574-70bf65c65ebc,bryantlaurie@example.net,stephanie79,GBR,2025-08-21 08:05:54,1989
5bcfcd6c-bebd-46fa-94d8-020d8c983cdf,jrivas@example.com,juliawells,AUS,2024-04-01 00:51:41,1985
60e49aac-f391-4181-b7b4-d35cf6ad3a35,karen48@example.com,joshuajones,CAN,2024-07-25 12:47:05,1985
4501f5f6-0e6d-4beb-a9eb-b92bc4e6bbee,jimmy55@example.net,taylorjesse,POL,2024-11-09 01:00:17,1976
dd8ae07f-ab2c-4f96-9108-b63be8ea5997,jasminebrown@example.com,amy60,IND,2023-03-20 03:56:48,1982
4d913300-5b5e-45fd-98a7-febcf77909b3,marissaprice@example.net,gateskathy,MEX,2025-06-12 22:04:17,1967
4f242c16-5253-4e4a-84d9-00eeeca41751,wwoods@example.com,acastaneda,ARG,2024-01-25 09:16:26,
50823813-198d-4b4b-8303-b132b14bb8bc,nancyjones@example.net,priceelizabeth,SAU,2024-02-08 13:15:39,2002
108b9e35-3fff-45a3-95a6-d67de6270f23,dramsey@example.org,meadowsbrittany,COL,2024-10-04 04:32:14,1979
7ddbef3a-bad3-4f53-b80a-849c1a18f44d,millerroy@example.com,brentgray,SAU,2025-04-16 11:52:33,1978
345059ae-e8d4-4b43-aa20-59ef191710e5,shawnrogers@example.com,karen64,JPN,2025-05-11 13:48:15,1971
829d9396-f5c5-4d18-91fc-ae763fe96e50,ruizkaitlyn@example.org,jeffrey10,TUR,2025-04-11 19:56:59,1979
945cbf56-ba76-4704-9fc6-966a7221fbb7,herringjames@example.org,johnwells,ESP,2024-10-21 16:55:46,2003
5691acb0-82c0-4703-9a7a-563b5d565c53,elliottjeffery@example.net,katie29,SWE,2023-12-14 23:59:16,1992
6f5ad187-8b4a-4102-8d9e-0b5abd55193b,stricklandfrank@example.com,lanesarah,COL,2024-11-17 03:24:00,1975
388018e5-f35c-47a7-8ec3-a73995a00814,tsanders@example.org,vargasmaria,AUS,2024-02-12 05:21:53,2030
6c8377ea-3a8c-4eaf-ba90-e9c59a4df7c2,curtisbarton@example.net,hoganashlee,COL,2023-05-30 16:34:52,2000
f24b918e-06d5-4791-ba2d-03fe57f13513,reedross@example.com,huntermatthew,IDN,2025-02-25 17:59:59,1969
2d517cc4-410d-4392-81b6-9942100ff4df,gshort@example.com,cynthia72,USA,2023-08-07 15:28:44,2004
e2d16428-c3b2-4a3e-b31d-a0a374b3be21,hthompson@example.net,christina87,GBR,2024-05-25 04:25:06,1989
19f17f7b-f5e1-4ac0-b102-e6da4b847332,ugraham@example.net,marcus31,POL,2024-10-11 16:06:48,1992
8f488da8-7c9f-42d0-a0a4-25e2bd64721c,nicole37@example.net,frogers,POL,2025-07-02 05:47:41,1990
ed7c6e6f-1def-495c-a92b-9c0b5cae0903,hunter35@example.com,joshua94,AUS,2024-07-21 18:58:47,1975
6b192354-8691-42c0-bf06-739f25ce380a,blackjames@example.org,wfreeman,CAN,2024-08-08 08:32:15,1980
6116a26a-8402-4a20-a5e7-5436c069c08e,hannahbrewer@example.com,fmcguire,CAN,2023-10-11 05:29:29,2004
15840ea4-0070-49d5-9d4e-dddfd3bb4549,jeffrey34@example.net,thomas85,JPN,2023-05-12 15:06:17,1994
5d04f038-3f1c-4e84-ae48-f1b711971e32,jbarajas@example.com,jacqueline44,GBR,2024-02-28 15:17:49,1997
c102a8b8-084b-48c9-a230-b914ef6b5921,jerry35@example.org,jamesrodgers,USA,2025-02-18 17:21:58,0
0135537e-dfc1-4891-bfef-c760a3593f54,jenny89@example.com,wallkenneth,ITA,2025-05-08 19:35:45,1994
96718229-f060-41d3-9d05-ef1183127bae,harry08@example.org,brandon08,AUS,2025-09-26 07:59:20,1991
8a261cfa-7f16-4030-ab04-747cfa9baf03,millertodd@example.org,andrewstaylor,SAU,2025-04-08 06:00:32,1968
6d5975d2-94e0-400a-b164-8ffd58e2755b,dpeterson@example.com,ewilson,POL,2023-02-25 14:20:45,2002
aa32f919-305f-4e70-9a3a-58376cd0a38f,lindsayhernandez@example.org,hernandezlisa,ESP,2023-10-05 16:48:35,1976
28c08c08-2334-4a95-ac44-5bb3bfb8f24a,christopher31@example.net,yobrien,JPN,2025-07-20 11:54:00,1984
b562d20a-fad4-46a5-b72d-4d5144c978e7,kimberlyjames@example.com,michelle64,ESP,2024-05-31 02:58:55,1994
0a5767b4-dd44-41b3-aefe-167c45520d5d,lynchjody@example.org,josephmiller,KOR,2024-04-04 23:40:15,2001
8b748602-2213-4283-a22c-2a2044172d39,glennjones@example.org,mhayes,USA,2024-05-21 07:15:30,1999
ed2774c1-a7f3-4b2f-a1f8-b59a9d020d0a,ocarter@example.com,jacqueline71,FRA,2025-08-27 04:09:53,1973
4de3b278-b10b-42c6-8a12-784879389d07,sandrafrench@example.net,ronaldstephens,IND,2025-01-25 06:06:32,2005
9cab38f1-d814-4a3a-b3b5-c2eb8dde9ba4,rebekahserrano@example.org,martinkyle,BRA,2024-09-29 03:56:08,1979
649ac887-96c2-447f-a60f-3b23d964c51c,scott74@example.net,gbender,ITA,2025-03-23 07:13:15,2004
4a087a5b-21ca-4587-81cd-a7c85ecc694b,mkim@example.org,mnavarro,AUS,2023-07-28 10:58:49,1998
0c53c29a-a9e3-44fc-8c9a-1482e57795da,anthony39@example.net,keyemily,ARG,2023-03-26 12:38:28,2002
7cf0cb5c-b3fc-4f53-937c-3c4c42dcf64e,barbara27@example.net,lmoon,NOR,2024-11-29 00:27:38,1991
57112a67-7bfa-4a78-9cf2-963cdd70677f,fwalters@example.org,vbailey,KOR,2025-07-30 05:34:12,1993
be545f3f-212b-4e9a-a065-e48652d813fa,elizabeth25@example.com,zroberts,IND,2025-09-17 16:55:31,1997
c155c03a-35b9-49e7-a2d0-bf76a20263a8,gibsonleonard@example.com,cordovarichard,AUS,2023-06-27 10:09:19,1975
640d2660-0829-4176-a831-40793a1b6e0b,sandovalamy@example.com,lopezmichael,ARG,2025-02-15 12:14:52,0
ffa34f40-ba2c-4e4a-8ede-2d4becc12d44,wgarrett@example.org,josephanderson,JPN,2024-12-27 09:24:22,1998
fc7b3341-1590-48ca-99f9-1928648c0f42,samuel71@example.org,jennifercollins,IND,2023-01-21 18:48:35,1965
9627a0d6-567e-492b-bca6-12154fadd561,tranchristopher@example.org,pvalentine,ESP,2025-09-27 20:12:48,2004
b600659b-2280-4ae2-a074-ba355b679e3e,tyronemoran@example.net,robert77,IDN,2025-10-02 16:19:03,1965
472be4dd-ca2d-4fa5-bec8-2edeae2ec43c,stephenthomas@example.org,michellehill,ITA,2024-05-13 11:08:55,1983
46298eb6-845a-429e-a21e-7d76cdfb2424,ymorgan@example.net,lori44,NOR,2024-12-05 15:29:31,1995
562ea71e-09cb-4703-b25a-b7301dc04601,cgrimes@example.net,jreed,IDN,2025-07-18 09:51:49,1974
54f2981f-904b-42d6-a49b-c62bd104ea1c,ugibson@example.org,ashleyhall,JPN,2024-10-08 04:21:10,2004
155f2321-b3e2-4af5-83eb-8463ceadf044,vwilliams@example.com,qhughes,JPN,2025-09-18 10:04:01,1993
b4c102a9-c807-4c47-8872-3ec6cf34bc91,tylerjohnson@example.net,molly71,DEU,2024-02-02 10:47:09,1971
8cc4a2cc-e495-4183-bfa1-ed16bd2e10e3,jsmith@example.com,charlesharrington,IDN,2025-12-29 04:36:31,1963
6b705497-a567-4a18-80ec-bbedb0c05881,matthew61@example.com,ofinley,IDN,2023-09-16 23:13:26,1991
dc2afec0-958d-408b-bc5d-86add6dbcf61,cbrennan@example.net,younggabrielle,USA,2024-08-05 17:05:24,1981
bf79d073-484b-4830-8182-4b40e120ff44,wendy16@example.org,wallaceheather,GBR,2024-06-01 17:23:36,1964
434f9bf6-ae78-41ad-904a-4b611c0f556e,williamslaura@example.com,nicholas23,CAN,2023-04-20 05:31:27,1996
3532acb5-a708-4b62-a9d4-006ede8289b3,yknight@example.org,gregorylynch,CAN,2024-05-23 04:18:45,1986
837528ff-949a-4d5d-ab3a-5788f288beaf,pharvey@example.com,jesselittle,COL,2024-04-07 19:01:34,1988
37043c3d-5b4e-4d04-8f19-ad0cc1fd7e2e,ascott@example.com,erica21,ARG,2025-05-28 11:07:06,1963
0d27bed1-36fb-49a6-a9b8-160f95991e6d,llandry@example.com,dvaughn,THA,2023-07-23 07:33:55,1976
829798f1-a91e-4a93-8242-4d6d00f6b07a,james67@example.org,patrickhoward,BRA,2024-05-06 06:19:42,1970
c2c78483-38de-4f10-92ad-720fe6ca99cc,shawnrogers@example.com,khill,IDN,2025-08-20 10:36:15,0
9dae27e4-3545-4682-a372-709812418212,lozanojulie@example.com,catherinegomez,IDN,2025-07-18 02:35:29,1976
e88b885a-c65b-4149-a34b-140a7df9cf3c,christinebyrd@example.net,courtneyberger,EGY,2024-02-10 15:28:43,1974
3e9606d6-cbf6-4c93-b4eb-d498ffe74844,parkerscott@example.net,jessica14,IND,2023-10-19 02:35:59,1979
892cc430-775d-4d4c-9fed-091a983d2c1d,julie23@example.org,alyssa42,ARG,2024-08-14 15:59:20,2004
4afb18ec-9a82-4268-bd4c-222677083871,robin74@example.net,linda71,ITA,2024-07-11 18:13:17,1988
a3070ef3-7e92-4b30-ba67-21c09c329eb7,karenperez@example.net,zcoffey,GBR,2025-06-03 11:44:07,1961
9ea26174-4d5f-483d-9097-fbbe3304e8c5,christopher60@example.com,gibsonemily,SAU,2023-02-12 09:48:45,1971
dd1ef0e5-4d1b-4809-90d3-d6b6621c1980,brenda51@example.net,thomasharvey,EGY,2025-06-24 10:07:38,1997
4fae6dbd-9090-4e83-a88c-02f7205fb933,rose31@example.net,tblankenship,SWE,2023-07-06 17:06:45,1981
dece806a-6876-4bce-9c2f-79d09f24f36c,cwilson@example.org,wendy11,DEU,2023-11-26 12:00:28,1991
1e8133ea-89a4-4b68-ac9e-19f55f3484dd,paigetaylor@example.com,ellen86,ITA,2023-03-17 16:33:34,1976
eaa0c2fa-23e9-4e6b-b483-104957d62f0d,nicolepena@example.com,rcrosby,ITA,2025-11-19 00:02:30,1994
65203b80-911e-483e-a135-a462607fb770,vaughnjeff@example.com,melissagarcia,GBR,2024-01-20 18:52:32,1991
6d1dd2a0-ee28-4bd8-9dcb-959fdb401416,amy50@example.com,james17,GBR,2024-02-21 09:43:23,1978
a152fa7e-310c-4b68-aa5c-cc823bd24487,batesdarlene@example.net,williamsmatthew,IDN,2025-09-19 04:25:15,1900
4a1aedcf-5205-46a3-91cc-1468aabe0585,kristinharris@example.net,brendali,IDN,2023-11-21 11:18:50,1995
7b518edc-b224-4e7c-84e7-74e2ff4e4cbf,markhernandez@example.net,ramireztracey,AUS,2023-08-21 16:48:02,2001
d4623d42-9ecf-4748-8eb4-39230f67d24d,amberlindsey@example.org,andersonmichael,SWE,2024-08-20 18:31:38,1986
932821de-aecb-4d0b-b6f1-b4f676357aed,briannasmith@example.com,martinezrobert,SWE,2024-05-14 16:37:51,1984
9af1515f-2624-4792-b8f7-78f486306750,reesethomas@example.com,hayesjeffrey,COL,2025-11-06 04:58:12,1977
d31a2721-dda1-44ce-af65-d99d92715cbd,acostaregina@example.net,stephen00,ESP,2024-11-27 18:29:10,1960
b454ff87-0d59-44ff-a0d1-d19fc0ee4b18,bboone@example.net,henryrenee,TUR,2025-09-29 05:24:36,1990
efa15696-2c67-44ea-a1c3-0203047235eb,lammarc@example.org,martinezclaudia,POL,2025-02-11 16:34:42,1972
b20a9bd4-7b41-4a09-8561-407910e82d05,oscar98@example.com,bwagner,AUS,2025-02-23 08:30:13,1986
04b38962-e04e-4c61-b575-c5c7f620f15d,mcguiredanny@example.net,russellbeasley,THA,2025-08-26 13:52:48,2002
851cfcdd-ef9f-4f7f-be52-82d237ae4f5f,dmorgan@example.com,ublair,EGY,2023-11-08 18:02:03,1968
b56863d9-d1ab-4afc-a35a-f1f15aacef17,qedwards@example.com,gloriawells,ARG,2024-11-10 03:39:14,1988
4eaeda6c-ef51-4c10-9d1a-2e8cb1c5c106,deckerchristopher@example.org,lisa80,NLD,2023-02-01 05:14:54,2001
c28ca450-a0e8-4250-a53e-c0f35f9a49e2,elizabeth65@example.net,uparrish,CAN,2025-08-19 09:38:57,2004
abc74e03-4733-4d26-8845-907eef1d9da5,schmittcaroline@example.com,lanejason,CAN,2024-11-03 19:25:42,1980
468cce70-9f93-4e60-baf3-fda45bfe4acb,gwalker@example.com,danny49,SWE,2023-03-15 22:28:51,2000
d10da1f8-e809-4a16-97a1-0d4bdb3e8eef,lindsaybruce@example.net,lynchdiane,TUR,2024-04-10 03:17:26,1966
ad38a730-c3ea-4c1c-8cf9-0c123131afba,anthony44@example.com,adam29,IDN,2023-07-25 16:09:13,1979
ca1fd273-130a-43a7-a263-762037a02cc9,vjones@example.net,davisalyssa,GBR,2024-10-26 02:02:35,1983
76fdd393-acd8-404a-89dd-c90ff9116226,vbarnes@example.org,larry59,AUS,2025-12-23 15:00:08,1971
8ca8064a-1de1-40ac-a1d1-20aa39699d96,wareeric@example.net,craigjoseph,CAN,2025-02-22 22:33:46,1991
79b93e08-8861-45b0-9e3b-486975ef5a92,ctucker@example.com,jason81,FRA,2024-04-20 16:47:23,1989
9fd2bd35-e598-4a2b-bcb2-0c94645e309f,russell49@example.com,brandon69,USA,2025-08-10 10:28:20,1970
a446e0cb-9db4-4c47-bdc8-bd30d9831166,smithkevin@example.org,kathrynroberts,KOR,2024-09-04 23:15:46,2004
7e6b7f53-7a50-4719-9a1b-66bbd10c63bc,smithjulie@example.org,omarpadilla,TUR,2024-02-12 14:00:22,1966
f5ee1b7c-eb75-4023-9b46-336ce19b1325,charles06@example.org,umorse,ARG,2025-01-05 20:55:41,2004
7050b5c8-3d3a-4452-81eb-08551c48a2c9,tberry@example.net,zroberts,SAU,2025-03-21 09:59:36,1800
dfdb04c2-4123-45f3-bb48-a15223e45ade,burchgeorge@example.net,xcollier,THA,2025-10-14 10:25:12,1974
8612b043-1ef1-4d76-95d9-66df58dd3252,kimdaniel@example.com,zwarren,KOR,2024-03-24 23:10:42,1976
dd40fdbc-d97e-467b-98c3-4f2c68fb55c2,julie35@example.org,dixondaniel,THA,2023-10-08 22:52:25,2000
8a988d48-567a-4588-998d-71f819c7164b,rebeccabailey@example.net,joelthomas,TUR,2025-06-21 01:12:53,1968
e3e78184-307b-4421-bc66-9053a86c860f,glennhernandez@example.net,thompsonkendra,TUR,2024-10-31 15:07:40,1968
11e54984-6df2-4527-b62c-a0566e7849a7,kmarshall@example.net,kmaldonado,KOR,2025-12-23 18:16:11,1970
8c280369-5a06-4692-9df5-d1c60dc5f013,michelle52@example.com,harrisoncrystal,SWE,2024-08-27 12:19:56,1989
0c81f0e7-1661-4d34-8373-5364e1e0c669,brittany58@example.org,steven00,FRA,2024-04-07 14:28:09,1995
166a0670-2d49-4d89-925b-911556f0e675,marie11@example.net,jford,ITA,2023-01-29 09:37:43,1989
6e6ac4ef-5c7b-424b-9d26-696b88694623,colelisa@example.net,marcalvarez,THA,2024-06-20 21:16:59,2000
ea9dd0a1-ac58-436e-b2bf-b8816c1415d6,susanhayes@example.com,wagnergerald,DEU,2024-04-23 17:09:57,1900
4e25568d-899c-41a1-84e4-8686da04fb96,jasmineritter@example.net,michaelhardin,COL,2024-03-29 23:34:49,1989
b56865ed-be36-4cd5-8e06-062bcf0ec3da,vortiz@example.net,mccormickdeborah,TUR,2025-04-16 04:14:52,1962
9e6caccf-5d97-4230-af68-b5deefe2d7eb,riveraangela@example.com,johnathan92,SWE,2023-08-26 03:32:19,1994
93993ec8-7906-4a7e-87a1-6bdea0df990b,christopher25@example.com,tanderson,NLD,2025-01-29 19:40:04,1969
a2d2ae77-4c5c-477e-9516-426892435396,collinsnicholas@example.com,elizabethcalderon,EGY,2023-07-22 17:48:59,1977
19a67630-20d7-413d-8158-48a9d1dde569,lucasrodney@example.com,coxhenry,KOR,2024-03-20 16:08:35,1975
5a71222f-e57c-4a96-9f80-42a32c62a077,matthewmiranda@example.org,zoemoore,DEU,2025-01-22 19:49:24,2001
23848bf6-3318-4c75-8c56-68a514efe5c3,megan18@example.net,stanleynancy,ITA,2024-07-19 06:54:38,1989
2429f424-39c6-45a2-b55c-fb2f43269c60,carlamoore@example.org,jenniferwilliams,JPN,2023-02-13 01:50:29,1975
6f60d565-6052-45a4-9992-37879f6e2d4c,erica37@example.net,karen73,ARG,2024-02-25 02:29:52,1995
5e3860c7-bc7e-4a4c-8e4e-1be8ed2dcb7a,kylestokes@example.com,michealvalentine,JPN,2024-04-22 11:57:44,1998
4fb3ae71-71f5-461d-936f-4dd499ac4538,jbarajas@example.com,mburch,FRA,2024-05-28 06:21:11,1961
01c9831c-fc3a-43ec-b1ed-6779885aa653,moniquewilliams@example.com,angela18,KOR,2024-05-02 21:26:22,1971
6e244f3c-95c0-4995-87a7-f7f637d9dae6,mitchellkathryn@example.com,jwhitehead,FRA,2025-05-12 19:09:15,1964
74d768ef-f72f-43bb-afa4-20b0dc1665e9,odavis@example.com,sarah60,KOR,2025-11-17 21:36:52,1992
4623f83f-5a7b-49a2-8f18-b611a863d68c,pshaw@example.com,brooksanthony,COL,2023-03-30 23:59:23,1989
7e0cfbf5-85d4-4e13-854d-fd2f5003cd19,combsdebra@example.org,benjaminlowery,USA,2023-05-05 17:26:21,1987
c0bd4cdf-a2ba-4a02-95f1-bf1cd0e16b76,ihorton@example.net,awest,SWE,2025-06-27 02:40:32,1980
452593f1-fd4b-4d05-9d07-c87fc75be046,smithjason@example.org,srodriguez,CAN,2023-09-16 10:00:46,1997
0d7e34c5-dabe-4a28-b270-4c3822462e80,kevinwilliams@example.com,fbrown,MEX,2025-02-19 21:45:01,1989
f662f4f7-4ce4-4d9c-b00e-68b7ce95112d,chenbailey@example.net,kellysmith,ESP,2023-07-23 04:09:56,2001
87671078-d65b-4113-b22f-25688093dc87,john62@example.net,millsmichael,POL,2024-03-16 15:39:30,1974
d0fabc12-e9cd-477a-9539-341f6371542a,myerstheodore@example.net,qzavala,NLD,2025-03-27 15:08:44,1980
a04790c9-c507-46b9-aa25-fb5b0619a329,kellycarlos@example.org,ingramjill,SAU,2024-06-06 13:37:40,2003
9e8ec8ea-5293-47c1-8082-66a0bc3a4cf2,dennis58@example.com,mariacohen,CAN,2023-07-06 03:06:28,1966
e36af033-3fe9-4167-9c08-6a3b7847d760,zwelch@example.org,baldwinsherry,KOR,2023-09-24 20:15:24,1995
a80fdfee-0433-47f9-8888-a73af8aa9e02,carterbradley@example.org,stewartkyle,SAU,2023-09-08 14:57:25,2002
5679262f-0485-4670-a161-4b4a3dc28516,ihays@example.com,benjamin34,ESP,2023-04-16 10:28:20,1982
1288bc43-60cf-4b71-92ee-a789a73a0d16,michelle05@example.com,lloydsamuel,NOR,2024-03-11 05:38:00,1974
3559174b-aeb8-424a-8334-d9da96630787,ypaul@example.com,tylerjimenez,KOR,2025-01-22 04:10:58,1996
f46318ad-bf69-4510-b9d6-8eb3a0650109,laurie61@example.com,amymorris,ESP,2023-02-23 22:10:22,2004
7f0950cb-11ca-48a9-9ce3-47c218acc6fe,murphykenneth@example.com,cjackson,BRA,2024-07-13 11:14:59,1982
e53ff3f7-3796-4ad5-9bdd-fb863aa6669e,nicolepena@example.com,danielle01,ARG,2025-03-31 02:32:00,2000
456a15b0-1579-4b41-bde2-d6641340237f,zcox@example.net,stephaniethomas,CAN,2025-12-22 07:49:57,1989
69211ed6-501b-4bad-90ad-f8c4fad4765e,ejohnson@example.org,michael90,KOR,2024-09-30 11:48:37,1996
e7c814ee-e6eb-42a7-b047-df854402b02c,erikarush@example.com,khines,GBR,2023-11-15 05:43:52,1963
3c4e80f2-41e0-4482-9d93-eb32ef6ffae0,alyssasanders@example.net,john10,IND,2025-06-26 15:26:16,1988
e93a9a72-ee65-437d-bd3d-d166817767ec,victorhughes@example.net,greenjorge,JPN,2025-11-15 04:08:38,1967
458ba074-fb4c-481a-b47d-b02f4d731676,nlewis@example.com,igonzalez,SAU,2025-09-23 19:11:06,1962
8ffd8f23-ddc6-4529-bbff-c52e5fc72b24,hayesrachel@example.com,cochrantammy,COL,2023-04-23 00:16:47,1973
ab9d4b03-1219-468c-a48e-1418ae95599e,elizabeth18@example.net,patricia22,IND,2024-08-15 11:56:47,1991
e1b96880-274d-4fc7-86e1-fe65b17c89cb,william13@example.org,kristyjohnson,BRA,2023-09-22 13:50:34,1974
1316397d-11d0-4c2f-a62f-40370976b3e9,tanner82@example.net,jonesraymond,SAU,2024-12-26 02:37:27,1962
5c876d33-0130-41b3-913e-ff59ce25aee3,xfox@example.com,martinezlogan,NLD,2023-06-09 11:23:53,1996
a5df8d27-4f25-4191-b048-3fa182b18189,coleerin@example.com,nataliedeleon,EGY,2025-05-05 10:32:27,1961
b82d4bcc-f29b-4a8b-97e5-609db3f2dd08,katrinaanderson@example.net,guerraapril,BRA,2025-07-31 13:10:28,1966
cb37e439-804d-4a5c-9129-8085e7f6056e,fred53@example.com,meghan43,ARG,2025-03-31 19:04:36,1979
441cf781-df06-4a76-bc50-b8a0770e3dc2,david49@example.net,shawgary,AUS,2024-11-13 06:07:17,2000
ba98038c-406e-4043-9fe4-85d94451831d,georgeweber@example.net,megan90,NOR,2024-02-02 12:43:13,2001
8e6e793a-383a-4d06-a277-37ef735947ec,millerstacy@example.net,debra96,AUS,2023-07-30 05:19:54,1971
b8151b66-347b-4603-930b-2ff2fc4dac8b,jimenezcourtney@example.com,timothy64,EGY,2023-06-04 06:26:58,2000
f3de7e33-af8f-4030-b249-1b405bca6890,djones@example.org,dperry,ARG,2025-07-08 20:33:09,1999
34262d76-5854-4ae2-9cf5-6fc866f6c6bc,matthewthomas@example.net,jessica56,EGY,2024-10-09 05:29:46,1990
8b1d6351-26cf-4695-a2c3-f7665f8c0eb8,kathleenrobertson@example.org,john14,TUR,2024-07-16 21:31:58,1992
1fd23c9b-dfcb-4b9e-8cad-de982ca07829,gwright@example.org,sonia96,NLD,2025-07-14 01:22:09,1978
601ee597-e50c-4a61-b814-84acc7822900,sydneybarrera@example.com,james27,CAN,2025-11-04 13:59:54,1995
f0b23a11-cefc-40c6-a93a-c46f48d6945b,tjimenez@example.com,davisphillip,THA,2023-03-26 16:22:27,1996
fa0c0f8b-dd60-43cb-ad4b-0503c420f6fe,nlevy@example.net,brandon47,MEX,2025-09-01 18:15:15,1963
3338d9f0-be12-4287-a293-403cdc25d862,amitchell@example.org,qanderson,MEX,2023-06-22 18:22:12,1962
fafaf7cd-7633-4567-a76e-df8ec6bdb87f,kathryn50@example.com,hudsonjames,NLD,2025-06-18 19:04:50,1970
4fe84037-62c4-4dea-9f28-b1236f6d5993,charles87@example.net,marcia99,TUR,2025-03-04 14:52:58,2003
55e44d38-3a33-4fa1-a80b-504f888c2b4b,andersoncolin@example.com,angela52,EGY,2024-11-16 02:23:59,1995
2d3dbc88-2fe1-4657-a1d6-b46b68b7d282,carriemorales@example.org,williamsjennifer,TUR,2024-05-31 23:54:17,1998
b218faed-ea7a-488e-b467-d2c1b1c6b066,jstone@example.net,markaustin,MEX,2023-06-16 21:13:00,1982
2c9a7774-3323-41cc-9405-e88016bb21f4,phillipjensen@example.com,william88,EGY,2025-03-13 04:41:41,1965
d95f2d05-8e32-409e-b54e-239406b9a0af,terickson@example.com,richardsonemily,ITA,2024-11-03 04:39:10,2003
86df9763-9943-46de-a1ae-d5cb55ccc86b,ysilva@example.net,carlsonjoseph,CAN,2025-05-17 18:30:48,1983
a9d3bb0b-1dcd-4c23-95d1-39c483e6f800,jennifersilva@example.org,rhernandez,JPN,2024-11-30 17:42:16,1968
17dab25f-3b3f-484c-aa11-466d889122fc,anthonyvaughan@example.org,andrewedwards,TUR,2023-07-27 18:29:03,1993
4545cfae-060f-453f-a0d2-673c6c50c443,robertharris@example.net,vsalas,MEX,2023-09-26 21:44:42,1970
88fd5c0d-ee64-4b11-b0bd-26c208d4a74a,thorntonapril@example.net,whitney78,IDN,2023-12-06 15:56:06,0
876d6270-924a-469c-81f8-185bde938c45,ledwards@example.com,amy49,AUS,2025-06-28 22:13:51,1988
76561845-83b1-4805-a9ef-b2cf9f8a8f26,plee@example.com,jeffrey44,AUS,2024-09-25 17:04:34,1972
dc2edde0-b7e1-431d-9db9-49540594dce9,hannahburns@example.com,ann44,ARG,2025-06-21 16:48:33,1984
ea8c56c1-37ac-4534-9271-3559e0cbbe75,berryamy@example.com,stephanie24,ESP,2023-11-28 07:16:14,1968
678e4062-329d-4f78-8601-1cff77d081c0,robertsjennifer@example.com,vdouglas,GBR,2025-09-11 13:30:55,1966
381aa67d-7119-41ab-ad09-7868f0416bb3,ilewis@example.com,derrick99,NOR,2023-09-13 10:22:43,1970
7cf6478f-ba9d-4f70-9ab8-e213925fe7e9,johnsantiago@example.net,danawilliams,NOR,2023-10-29 15:55:40,1974
62a00238-e967-435d-b6b9-d0a76ff68ab7,erivera@example.org,adampierce,KOR,2023-02-24 15:06:21,1992
6b9ff25b-e4a5-4aa0-89d9-df03e2e15a26,richarddonovan@example.com,wsantos,ITA,2023-06-17 13:39:00,1980
729a9eaf-5b62-44d9-bbbb-10e7ff138add,manuel01@example.net,amandasharp,IDN,2024-11-17 05:19:02,1978
dcf04042-fa7f-45a4-9b41-afefbe58b6c0,gentrygregory@example.org,osbornrandy,SWE,2023-10-12 17:04:47,1960
ed10466a-9657-4d8e-a36c-13362844e163,vlopez@example.com,smithashley,USA,2024-06-08 07:51:06,1995
64574f30-1ff6-49ec-8741-21b6db8d7f91,hebertmatthew@example.com,ismall,COL,2025-12-16 15:24:36,1978
781eea9e-b434-422c-8876-59b4c095c266,znelson@example.org,francisco74,DEU,2023-04-08 08:40:52,1999
b6fc71aa-648d-4e1a-855e-7bcc40847e58,alexisrogers@example.com,gregorychase,DEU,2025-10-20 21:43:35,2000
2f352cd1-c755-4b68-b589-e02609ad0a21,gwilcox@example.com,moralescody,AUS,2023-10-22 10:36:17,1999
f8bbce7e-08c3-4504-90b3-5199614a5092,thomasboyle@example.org,patrick74,ARG,2025-05-03 06:49:11,1965
0855c0b3-c833-4ade-b56e-5b81647acea9,kevin90@example.com,heather01,KOR,2023-05-19 19:09:11,1992
a8990104-6571-4a2d-9e86-edc87ecd172a,zparker@example.net,hannah45,ITA,2025-08-20 01:35:06,1983
25008d2f-e053-4a4c-8cc7-d57094294fe3,jeffreyanderson@example.org,madkins,USA,2025-01-01 02:27:35,2002
9d6fe24f-cd74-45f2-9cc2-61c7d999363d,robert87@example.net,kathleenbecker,ARG,2024-11-11 04:51:26,1900
137f6580-d1ca-4903-9fdf-011683849820,foxallison@example.com,starkdaniel,EGY,2023-12-25 16:54:59,1990
ffc6ab07-378f-41d5-a4e7-c48769358c7f,ashleyhernandez@example.com,nwilson,FRA,2023-05-10 16:39:48,2030
c2aec46b-b701-4cf0-9e04-f8b75a9eee60,gdavis@example.com,chavezwilliam,JPN,2023-03-27 11:29:25,1992
802b5f73-12af-4592-a69e-dd0300e8c6fe,jelliott@example.com,jennifer64,POL,2025-08-27 09:13:22,2030
cd3384f1-042f-4ff5-bd6b-72eff2aebab8,reesebeth@example.org,ecooper,GBR,2024-11-10 09:56:51,1983
cf6754ad-3045-4039-8aed-b6a121c0be7f,michaelcesar@example.com,mitchellhector,ITA,2025-06-19 14:04:38,1971
bdfd1067-6e38-4b47-819c-370b93c7108d,katiegood@example.net,ybrooks,SWE,2025-01-22 18:54:22,1965
ef11cd1d-4431-4b24-9feb-450dbe85e6d0,ykane@example.com,vegadorothy,CAN,2025-05-31 21:56:04,1971
e4f01caf-efbd-4552-8c19-3cf69521c9f6,desireebailey@example.org,urice,MEX,2023-07-30 02:54:54,1978
4ce451b8-607a-4d86-ad17-7b60b310a4b8,maryavila@example.com,inunez,COL,2025-05-22 06:04:02,1982
d0c31834-b608-4f2c-a846-1b16116c8367,opatel@example.org,rreed,THA,2024-12-23 22:23:09,1977
97ced5c8-14fe-42bd-b4c5-825cb2cf5a37,sharonhardy@example.org,pachecorobert,GBR,2023-06-03 23:12:40,1992
9985c5b6-b84e-4f79-abaa-ed0be6ec2f80,allencarlos@example.net,griffinemily,SAU,2023-11-24 01:08:01,1998
0b27e71f-cb05-4296-9278-b286547117b1,sanchezbradley@example.com,amberwebster,NLD,2023-03-13 04:35:45,2001
04c3a66d-76fe-4930-b098-a6695802d010,taylorvictoria@example.org,barbara53,ITA,2023-03-08 22:01:50,1988
c57a238c-1386-48af-8514-c61c97fe508e,nancy83@example.com,joshua89,KOR,2025-06-28 02:47:57,1993
5e09cc1d-9432-4fe6-96ac-2ceddd32d9e5,conniesimmons@example.com,comptonshelly,MEX,2024-07-24 09:05:17,1961
c7e8821e-4adc-485c-9d37-391586c0f94f,ufloyd@example.net,trussell,SWE,2025-11-26 14:05:23,1967
6ff9887c-2e5e-4440-af57-70358b794555,iwhite@example.com,melissaturner,IND,2025-07-02 07:48:44,1978
1f50d46c-cdc0-498c-ad80-c6598aa171ba,lindamelendez@example.net,jfaulkner,SWE,2024-02-14 04:27:54,1964
c1a2165a-0c5e-4aec-b2c1-5f63a1bafc4b,paulscott@example.com,nielsenmelanie,IDN,2025-06-30 03:11:46,1980
e7054b6f-7171-40e0-a27a-f03cad8d7829,nicholsmaria@example.org,nicholas99,IDN,2023-05-13 20:01:29,1979
d35c202f-2f10-4715-92c2-997be7bdb429,russojacob@example.net,timothybooth,IDN,2023-12-23 13:09:41,1967
8d0aa305-e53b-4c43-af70-b5ceab7e009e,kevin03@example.org,burgesskaren,FRA,2024-04-29 17:59:12,1900
2c2638bd-73ea-4020-8512-eeb073a084c1,heatherpadilla@example.com,andrearowe,NLD,2023-09-23 22:16:49,1964
082b944f-3312-47d1-9293-c1db14f572b2,powens@example.com,jose87,IDN,2025-09-07 19:08:23,1986
68faf1bc-fbcd-43e0-b284-e961f53a2299,ugarcia@example.com,robin55,CAN,2023-09-14 11:32:33,1988
b624fbff-2490-432e-98d8-5ba3c96e2333,owilliams@example.net,allentran,NOR,2024-12-06 04:40:21,1995
f383f344-1d44-4edf-90a4-f640ce9689a9,mphillips@example.com,noahwhitaker,BRA,2023-09-22 15:45:04,1963
6f6bb773-d365-4bac-8ee9-933652112c8f,rpierce@example.com,kathryn77,NOR,2023-11-10 11:04:22,1980
612eb86e-368f-47a1-a1a7-d6cf54a018c6,yjackson@example.com,donaldpayne,AUS,2024-12-09 18:53:32,1965
e2104894-0809-4192-8ade-bbec2d70c134,sabrinaweaver@example.net,warrenmary,EGY,2024-07-16 04:33:26,1999
e4428077-6710-4527-a6cb-3a061177a631,landryelizabeth@example.org,otaylor,NOR,2023-12-12 21:32:49,1969
204ba488-adb5-4f73-a2e1-c327c5051eac,carloshernandez@example.org,nbrooks,COL,2024-11-22 20:31:14,1800
322756c6-696d-4a1a-8ed9-ea9182650ca5,bhopkins@example.org,hsmith,EGY,2024-06-26 23:42:24,1996
674e6223-a372-4d77-a82c-ebc36bdd9b7b,amanda40@example.net,ldrake,EGY,2023-03-04 18:07:58,1994
6d4a4321-91f5-443c-b695-a3f3a111b1f6,hullalice@example.org,christineking,TUR,2025-09-16 08:54:56,2003
77130972-0fbf-438e-80f9-8a0bb3d7db7a,joseph61@example.com,pstevens,NLD,2023-05-30 02:10:52,1986
c8e11a59-f727-4a81-9192-08e9230d68b8,kevinclayton@example.org,davisnicholas,JPN,2024-11-27 22:05:16,2005
b6a009b5-8970-474e-b215-4f736ec99a4a,abrown@example.net,christopherbruce,KOR,2025-03-27 04:45:39,1992
f8c558a5-a923-46af-8aa3-f0820c358258,ariel18@example.org,jasonparrish,MEX,2024-05-10 16:59:01,1988
5b8cf97e-ecf8-4dd9-9ba7-5bc55f3359c1,enelson@example.net,rachel90,DEU,2023-04-14 10:33:58,1999
78fbf8d4-9bb5-4e06-b323-6d765bf8ba37,sarahedwards@example.org,karenmarquez,BRA,2024-11-01 21:01:58,1972
03b5515d-8b25-460e-b7bf-eb96806a8e2f,thickman@example.org,ashleyatkinson,SWE,2025-11-20 16:59:46,1979
7503efe9-7820-4b24-b27b-3e85c29e67c7,patrick21@example.net,brian63,CAN,2025-03-16 18:24:09,1975
30b29061-5335-4422-b9aa-869fcfcc7733,petersonkayla@example.net,unovak,KOR,2023-04-10 01:50:24,1998
83d4b1aa-11db-4842-857e-4b07f285d8af,walterskristen@example.com,jperez,EGY,2025-08-21 10:24:13,1966
3dbd9d10-3b9f-41cc-a007-a97237af2688,rreynolds@example.net,nmiller,IND,2025-01-19 14:40:55,1985
8df43216-a516-4215-b2ef-2fdeb6c5581a,lauren11@example.com,normanbowers,POL,2024-02-03 13:11:56,1964
b48d8457-748b-42e6-86bc-7a6dea67e0a2,jodistewart@example.org,smithkyle,NLD,2024-07-26 22:41:29,1967
e147a24d-2632-4039-a8d7-f7d7c45ed2e6,kathleen12@example.org,ryanhawkins,DEU,2025-03-17 13:35:15,1981
3740005f-4847-401e-bc60-19cbe164df2f,fgarcia@example.com,carlsonkristen,KOR,2023-10-23 07:14:50,1985
7348f4aa-3df8-4285-991c-46595ba2dc4a,asmith@example.com,hardyanita,GBR,2023-03-21 04:59:21,1990
b4fd19e0-1092-4107-a863-dd130f8bd666,ashleyjackson@example.com,dominicturner,FRA,2025-11-21 05:05:21,1999
9581adb4-0463-41e2-a5a3-a674b4b26657,kthomas@example.com,robert71,ITA,2024-09-04 21:37:00,1992
f380185a-fd12-4bcc-a9cb-9b88d128df29,johnathan37@example.net,stephentaylor,IDN,2024-09-05 17:17:25,1983
20a1c438-8076-4094-a888-4661b8e5e3ac,rushmartin@example.net,vbrock,DEU,2025-05-03 21:15:07,2004
6b1b463d-7e18-414d-af8b-9ac14a38959e,pcook@example.net,kevinmorrison,COL,2025-08-29 09:40:03,1997
47b1c239-d81b-4cce-93a7-56f6f567e08d,timothythompson@example.com,kelly79,THA,2023-04-16 21:14:43,1993
2bb44207-6725-48dd-bfab-e71a34dd49ea,markramirez@example.com,daniel93,COL,2025-02-17 05:22:49,1975
8b5a7ef2-1b90-4c25-93de-89555c7d27d4,erinpierce@example.net,nhahn,IDN,2023-08-14 06:56:46,0
2122bf76-8598-4b6c-86cb-e439a8cc3795,ssalinas@example.org,ichambers,ESP,2024-02-22 14:56:28,1999
cadc77cd-13ba-4c53-98f6-4e5a6de28510,john26@example.com,colecarla,THA,2023-05-08 05:01:38,1995
0420d14e-6636-4737-bd98-860d28b08cb0,sferguson@example.com,gibbsmichael,SAU,2025-09-06 19:07:55,1971
65c1f202-371a-4968-8878-0e3affd99f87,rodriguezjohn@example.net,gabriel90,POL,2024-12-02 19:53:21,2003
7126142f-dcc4-4f8d-bd02-0005561689a9,vrasmussen@example.com,smithjonathan,IDN,2024-06-25 22:12:43,1975
850cb8b3-02e7-44d5-a9fa-251e625ed2fb,seanmyers@example.net,michaeljohnson,TUR,2024-04-05 10:50:08,2005
d9cee3b9-4b09-4e07-b42e-43ebeb6be34a,phillipssamantha@example.org,guerrajessica,IDN,2025-09-28 11:32:35,1995
4a139e74-0252-4fdf-ae75-6dffda1ac045,larry73@example.net,gbailey,THA,2024-07-14 10:28:41,2003
bf1e9c67-48dc-4fd4-852f-de093f86ec10,cbowen@example.com,evanslisa,ITA,2024-12-07 05:19:58,1978
dd7873ef-d455-45ba-a317-385bff4e8194,johnsonmatthew@example.org,sarahyang,CAN,2024-12-10 16:06:23,1990
de6526e5-d9c0-4ba7-92ab-f044a2ccef1c,andrearivera@example.com,zhall,POL,2024-07-09 20:27:44,1968
098563b6-0813-4736-9b09-c68556bcda84,jacobsandoval@example.com,mclaughlinnicole,THA,2024-05-05 08:49:39,1993
05c431c7-a6ce-4b77-b5c7-aaa7f613785b,yvargas@example.org,jamiegoodwin,AUS,2023-04-18 03:38:53,2005
a984c312-e4e7-43e7-9d09-bfaf3e21e26b,raylauren@example.net,michaelgonzalez,SAU,2023-10-09 00:11:19,1970
403f1db5-ec64-4450-b07e-8931ef6c6dc0,bakermichelle@example.net,candice96,SWE,2025-09-04 23:41:07,1978
7fef826f-91c3-4102-a42c-610af6177432,baileymegan@example.net,lisamccarthy,EGY,2023-05-02 03:15:25,1974
b8dd6dfd-b329-4885-a6d9-a080ef48543e,samantha91@example.net,lawrenceallen,THA,2023-03-18 06:22:26,1971
e2c06861-d2df-4880-b12e-6e074b707722,whiteheather@example.net,ibarnes,GBR,2025-03-24 18:02:10,1978
e202c6f6-a04b-4253-9779-158389c973d4,fhenderson@example.net,angelaburns,USA,2024-09-03 20:40:43,1981
37046ad6-7913-409e-9dea-e104d44bf37d,jacobwilkinson@example.net,glennstephanie,EGY,2025-12-09 17:58:58,1968
acf32217-43e6-4bd1-a839-66a1a1915b7e,ytaylor@example.net,fortiz,NLD,2024-07-12 07:01:12,1981
3c93efb8-9c0d-4eae-85f8-61a729ff0a6e,cmckinney@example.com,christopherjohnson,NLD,2024-06-10 06:46:45,0
6cb1ee07-3193-49b3-92e5-1795c450fe10,kellyhill@example.net,gary79,ARG,2024-01-31 06:23:22,2000
87a0011f-0b86-4ff2-803f-eccfdfb49dce,hdunn@example.net,adamsamy,ESP,2025-11-21 11:56:22,2002
aca43f69-005b-4ad0-b58e-1ff2f9d0dfd5,amber07@example.net,veronicagarcia,FRA,2025-09-04 11:46:55,1960
158a1b2d-c90d-42ee-b001-331618fd6ee8,kennethkidd@example.com,michael17,AUS,2025-07-03 09:43:15,1979
ee5232b4-dd26-4b8f-a8fc-7baf775fc525,rowejoel@example.net,michelle96,ARG,2023-01-24 09:31:22,2004
305bf706-8267-4f08-9a12-ff6be0fde7af,christinaglover@example.org,hudsonamanda,SAU,2023-08-31 16:56:40,1985
1bcd6bec-a2de-4e9e-8f1f-ef62ea754ef8,mariopadilla@example.com,stephanie81,IDN,2024-09-28 04:16:29,1978
659a7c1f-5c1b-4412-9042-e635cc78d445,sydneyfloyd@example.org,michelle22,AUS,2024-03-24 04:51:47,1989
71080350-022f-4929-adbb-b155805cc44f,dustinmorris@example.org,kburns,COL,2025-02-04 15:08:25,1990
74d43566-8508-4c97-9932-dea78c629767,courtney67@example.org,powellkara,SAU,2024-03-23 09:00:35,1998
fe1aa63e-c8bb-42eb-ae11-3a37cb67cc04,shawn75@example.net,meltonmelanie,CAN,2025-12-12 16:15:56,1983
c57a65a7-439a-43ac-91df-a9db83457068,simonstephen@example.net,melissa86,ARG,2023-08-18 02:14:54,1992
b6131722-7cbe-4f7c-8d3a-dfe3a5dd4050,tammysummers@example.com,marcus45,POL,2023-11-03 05:59:26,1993
5c9c7ada-5d86-491b-ad0d-cec60cf456c7,ashleewashington@example.com,williamsconnie,SAU,2024-02-25 21:13:54,1992
721c8fbd-397e-4956-bcee-16f77e269098,ksmith@example.com,bsmith,GBR,2025-07-17 04:48:14,1989
a03311c3-00f6-47a8-8bf5-29565b8a94be,wendyblankenship@example.net,erik41,POL,2025-08-04 11:13:12,1985
30ac995d-6bee-4a4b-bc4b-3f9949066132,john52@example.org,ugarrett,USA,2024-03-22 21:03:20,1987
4f3fc11f-4baf-46f9-af3a-f0602489b257,rubendavis@example.org,lewischristian,CAN,2023-05-04 02:30:46,1990
995182ca-f978-4e05-9c37-c21931d2183e,aprilwallace@example.org,lisa62,ESP,2024-01-04 04:55:50,2001
30d2a8c9-ebf7-4534-a097-2218325c8cea,yjones@example.org,garciamichael,KOR,2025-02-22 16:19:50,1984
4d2d3d31-5aa0-4d20-a768-b50acc2bd3e0,derrick22@example.org,bishopfrank,SAU,2023-09-30 23:47:40,1967
d214b692-dfac-4e09-8370-2df942b3f73a,jennifer26@example.net,fheath,POL,2025-03-15 19:15:16,1974
e7e3cf23-4b07-4dd5-92a4-766b7f5d96be,taylordavid@example.net,bbell,USA,2024-09-03 16:51:26,1994
28dc9770-6460-4266-b9bf-7e73c809c5f0,kylie34@example.net,wrightcarolyn,ITA,2024-04-15 09:00:41,1969
2253cb63-6664-4124-befc-d49c9953e9e1,kimberly04@example.org,juliephillips,THA,2023-08-20 01:10:22,1986
2dfc1188-65dd-44e3-93b8-0c45f42fe79d,bowerslaura@example.org,pcruz,USA,2024-05-07 07:30:11,1998
5c70a092-cb37-47c3-8f8c-ad0dd266d490,elittle@example.net,hatfieldsarah,COL,2023-04-10 08:54:37,1985
83f03235-71ac-4614-9d66-81363bfa6142,paulcombs@example.com,amy27,POL,2024-03-20 02:03:18,1978
3b0880ed-206f-4311-9afb-783fa859ed43,smithcarlos@example.com,billbrown,THA,2024-10-15 21:01:30,2003
f09b184f-537e-4575-84ba-b85ab14e3168,ohunter@example.net,zhenderson,AUS,2024-09-10 05:12:57,1993
fbf124cc-d8da-4ffe-ad83-42b8508ec3fa,davidsonamanda@example.org,christopher18,TUR,2024-07-17 02:13:09,1997
0385d725-3123-431a-b8c2-46b23881ebd3,terrimoore@example.com,wwillis,BRA,2025-05-24 20:14:16,1982
afa8fe77-e5ac-4cf2-b9f1-c4f7800e4035,collinssamuel@example.org,sanchezsandy,SAU,2025-02-19 19:05:42,1986
0fc10e9c-6663-44c9-be33-5ca81ad6d9ed,chavezchelsea@example.com,davidzimmerman,TUR,2025-02-09 06:41:41,1990
54ef1941-94ea-4c48-b4cc-d6c082d9f70c,martinstephanie@example.net,gary24,AUS,2024-09-07 05:15:20,1963
0498549b-c199-4f37-aa0f-a29144575851,wiseanthony@example.com,alexandria49,ESP,2025-12-21 04:52:55,1976
2e6b9238-5379-4c43-b0a6-f922a4e7882e,crawfordwilliam@example.org,kvillarreal,EGY,2023-06-11 16:22:34,1965
11d53f40-fe8e-464b-a577-f52261e0bbbc,eric19@example.net,perezwilliam,JPN,2023-04-16 09:46:27,1998
01b5694b-90d1-4fd5-bf53-e5f889cb870d,trevinoalexander@example.org,jcox,CAN,2024-01-21 21:23:35,1995
611fad4b-fb65-4199-8515-ce4dddba6ef9,sarahmathews@example.net,pwalker,JPN,2024-11-12 11:02:19,1960
807ef77f-09c5-4480-803c-2277a12c719b,umoon@example.com,duncandavid,JPN,2023-08-29 17:26:13,2004
60e3cfd6-ec3d-46f6-9d5e-35415691a190,whitelinda@example.org,djones,JPN,2025-03-23 08:42:49,1978
46206d96-1573-41b6-9930-ccdccf8da792,kiara45@example.org,msmith,POL,2025-01-05 11:13:45,1992
641647d4-bf83-45c1-9ad1-1663fb2bac8a,anne49@example.org,frichardson,NLD,2023-07-21 17:05:37,1980
eb308a65-4333-4b23-b04a-5426a32d4729,jessicapayne@example.org,adamortiz,KOR,2024-10-02 15:04:14,2030
755924c9-d94b-4f31-a755-732fa42ace6d,amberfields@example.net,tapiaaaron,USA,2024-06-18 20:08:43,1997
9ffeb82f-8361-4ee3-b95e-72daa49fe81f,usweeney@example.com,harristonya,TUR,2023-11-09 07:08:35,1984
d3e67eb8-e33d-4563-aa1a-1558727ae5f5,dvasquez@example.org,christopher38,AUS,2025-10-19 20:02:53,2003
aa5e2d3f-b6a2-4c57-ad97-ce79820191e3,xhaynes@example.com,carpenterwilliam,SWE,2025-10-01 16:46:41,1982
df1ac465-86e7-4974-a0cb-26bdc2779d36,kjones@example.org,ibates,THA,2025-09-27 06:42:03,1994
2c17f213-ee25-4f5c-989b-1e3157156991,kellyrosales@example.com,louis43,GBR,2025-12-09 01:13:53,1964
28048384-cbf1-4b69-8b0c-b5bf3d5613a4,hardingderek@example.net,moorefrank,SAU,2023-04-10 00:13:56,2000
394e0630-be66-4808-ad18-e492f2e59211,hedwards@example.net,tami37,IDN,2023-11-06 00:19:58,1989
b8222b16-4dcb-48c1-828d-bd111a82550e,steven11@example.org,margaret90,COL,2025-09-16 17:45:44,1900
bbb8732f-56b5-4303-be25-dfc9e5f17091,marymurphy@example.org,tanyafoster,USA,2023-02-04 19:16:31,1994
ca2ee422-d939-41f7-9d99-758112cc3e4c,byrdjorge@example.org,cranemelissa,USA,2025-10-25 15:40:36,1971
ff7c184a-d24c-4894-b995-a6c92532c6e3,codygarcia@example.org,smithmaria,DEU,2025-12-09 05:25:16,1999
dad3665e-34e7-4b5f-b38d-c6e4cb8fbcb5,davidcolon@example.com,aguilarjonathan,KOR,2024-07-01 14:27:02,1985
31c3c653-3c1c-4bd5-8d14-42cce6b5626c,johnsoncaleb@example.net,flamb,AUS,2024-04-07 10:55:18,1965
3a7546e2-0184-4510-bb33-18ba768c0f69,david70@example.org,zunderwood,EGY,2023-03-06 03:24:15,1984
f2bcac68-2965-4404-99cf-2c936df08612,rjohnson@example.com,michaelodonnell,GBR,2023-01-20 06:14:23,1987
503eb11d-98b2-4e92-a800-c80b9acda4f8,joshua20@example.net,deborahporter,MEX,2023-07-15 19:13:46,1974
2ac003fd-74f5-4aba-87a4-38cbe91bbccb,rbrown@example.com,robertday,IDN,2025-08-31 09:52:12,1800
e415d24e-b2e6-4cce-a931-acacb735ba83,crystalpham@example.org,wcasey,IND,2023-03-09 06:31:48,1980
f1481706-0175-4066-9f32-2319436ebf21,qedwards@example.com,paul20,ARG,2023-10-23 14:30:05,1979
6eac90e6-dc37-4422-9125-b6b63df5f615,carla04@example.org,xmoreno,AUS,2025-03-07 19:40:52,1968
3e26f36b-26a6-465d-8520-0426099bdd7e,terrigarcia@example.net,josephvelasquez,IDN,2023-06-10 18:13:59,1982
eef574f3-7bf4-43b5-b705-6741e443227c,gallagherstacie@example.net,lkelly,ESP,2024-04-20 02:46:03,1999
c4e29f02-7ad0-437c-8e8e-687f1df03dea,joelstewart@example.net,robin05,ITA,2024-10-30 01:04:43,1988
033106d3-0b82-450f-aa19-392cfaac109d,annalopez@example.com,gregory01,KOR,2025-02-07 15:43:23,1997
36337e26-c6ec-4064-88f6-8e6b24cbd99a,halljeffery@example.net,nsmith,CAN,2024-08-27 08:58:22,1965
2aed5858-c3b6-43fb-a261-0cb96606f14c,lindsaypeterson@example.org,brian29,ITA,2023-11-12 14:11:08,1966
2235df37-3309-4827-9da2-65ab80557650,kimmathis@example.com,brookssheri,TUR,2025-06-29 13:06:15,1966
c167aac3-5937-46c3-9467-df0fe06157bc,vwillis@example.com,derek26,BRA,2025-06-01 16:20:30,1992
6d9a8305-3e90-4dde-8f0c-4f49ad946589,lbanks@example.net,jeffrey92,USA,2023-07-03 12:53:08,1998
ba02f701-0dea-4de8-b272-c8c54ac4e73e,sparker@example.com,gregorysmith,MEX,2025-02-27 00:26:57,1984
a30a304a-9523-46af-9420-c2905a8903b4,xrosales@example.net,whitelucas,THA,2024-05-12 20:49:27,2003
5c0f3cef-be89-4356-adf7-0dfd3260a278,daniellegarcia@example.com,markmiller,FRA,2024-07-04 10:57:49,1969
f3c2ac32-5835-493c-8e00-054fb2743570,toni21@example.net,sean43,ESP,2024-07-19 15:19:54,1964
b716df94-dc72-4dff-87d8-6a54192e33d8,heatherbell@example.org,williamssamuel,AUS,2025-10-12 21:37:11,1989
8427aa25-1e12-4bb5-b48e-0e4c6a004ac9,acosta@example.com,ybell,TUR,2023-01-14 14:24:24,1999
4a4fb219-b630-4322-b0a0-f822c2110099,poolekristina@example.net,franciscojones,MEX,2025-06-20 12:11:14,2001
4f4033e9-bf98-4f89-847f-72865298883c,phillipslucas@example.org,petersonpamela,FRA,2024-09-07 11:40:30,2004
05eec22f-90fb-4a3e-bd9e-6ac1bf606362,jessicapayne@example.org,brooke97,MEX,2023-12-30 14:29:58,1978
b4b7e9e6-d44d-483a-b3fa-f7e2e805f6cb,reynoldsdesiree@example.net,gmoore,EGY,2025-10-02 20:58:01,1980
ad1d8071-3875-4766-8cea-960bd06767b8,jamie36@example.net,donna43,ITA,2025-01-17 04:08:47,1972
4a13c8f5-861e-413e-9159-06280ef256f5,williamsashley@example.com,briansmith,POL,2024-01-04 20:01:42,
5f444d28-6419-462c-8cf6-c2f86477adb6,phillipsebony@example.net,bgonzalez,JPN,2025-06-16 10:36:25,1964
095fa860-f5d5-480c-b4ac-56bd602a3979,georgecarter@example.org,tanthony,ESP,2025-10-19 05:04:02,1975
06cc291d-21e7-4c2a-a443-d260abba64ba,qruiz@example.com,maypaul,FRA,2025-05-16 13:43:32,1998
7976fac9-922c-49ef-bdf3-06e75915913e,nicole52@example.com,bakersteven,ITA,2025-12-30 18:26:42,2004
289a9cfa-b55c-4231-8901-4ef42b58b1cd,maryelliott@example.org,millermaurice,GBR,2025-01-06 19:32:53,1965
31a1fcb1-fd09-4474-a4c2-205b0d90eb67,larellano@example.org,randallloretta,AUS,2024-12-28 06:03:22,1962
473cb650-a48d-49b3-af9a-b3cd2d14811f,rsheppard@example.com,thomasmiller,EGY,2025-03-29 12:04:23,1987
1248f9f7-df4c-4b00-b5ff-0e4648a27c72,shawrachel@example.net,davidtodd,DEU,2024-06-13 08:04:58,1993
547dcf93-736b-4e51-bb4d-7db0b307bc1c,stacyjackson@example.org,davidhenderson,IDN,2024-03-28 16:13:49,1989
7810a6df-0884-455c-a601-9f267ecc153e,oharris@example.org,luis11,ARG,2025-10-21 05:29:18,1961
b7305cb4-a19e-44a8-8070-e4dc85ac7d73,jhawkins@example.com,april09,TUR,2025-05-01 03:07:33,1969
697acf71-c1b6-47be-9719-1b6d1c67c23b,jrodriguez@example.org,buckleyanna,MEX,2025-07-21 07:31:54,1982
f3e9f0b0-fe31-4503-92bd-7e8673fa921c,floydmikayla@example.com,pbaker,NLD,2025-07-15 11:36:40,1962
5be6d916-c9b3-4674-bb4f-e87d01d9b1f1,earmstrong@example.org,joshuathomas,DEU,2023-02-16 12:29:27,2003
4eeb596f-94f3-45d6-8622-390f00be7cbd,vwilliams@example.net,brandonalvarez,THA,2024-05-14 18:47:12,1970
7f481e1f-6623-4119-b35d-944d49d5b818,penny05@example.com,juan71,ESP,2025-08-04 08:26:29,2000
6ee394df-c8b4-4c3b-8041-65ed42f4056d,dennismccann@example.com,joseph69,EGY,2025-06-04 14:24:09,1900
b1db9ed2-1bdd-4226-8992-cbaeb807849e,lopezjason@example.com,xmalone,NLD,2025-05-29 14:09:25,2030
15496cdf-51a2-4e47-8f71-37cd13afc9c2,robertsonerik@example.com,htaylor,IDN,2023-05-09 21:01:14,1994
a62ecf39-7bd7-4458-a0ab-8b3a4e72993f,thompsonnancy@example.org,wrightstephen,MEX,2024-02-08 16:39:32,2002
56f79445-5f63-42ac-abee-c385c0616cc1,janet45@example.com,hreid,NOR,2024-10-03 21:44:06,1985
c85d569e-1b99-4ef7-b017-c3317ad1de67,allentracy@example.com,susanwells,KOR,2024-12-21 16:40:12,2003
2154aa5d-0935-4ef2-b91a-62f9dbffd9e8,max41@example.com,hughesfrank,TUR,2023-06-23 04:52:36,1975
edfe6a37-940e-4bc7-940d-5299efa213f3,mercedesholland@example.net,josephortiz,BRA,2025-02-03 05:08:48,1986
c53cb483-5832-4505-a5e1-dcd2fffabc72,hancocktammy@example.net,wellsdavid,ARG,2025-02-24 15:24:08,2000
576bcee7-eab2-429a-8029-8574ad66fe02,carolynsmith@example.com,jennifer46,EGY,2023-12-21 20:12:13,1978
83d813a4-68bd-4a9b-a0a6-b19433c5e567,dyork@example.com,stevenbyrd,MEX,2025-07-12 22:33:07,1982
04869bc2-d7c1-42f2-9870-f223f1a8917f,asilva@example.net,anna99,SWE,2023-10-07 07:06:15,1995
2dab8f74-a925-47d0-b06b-ec21bb68ff19,kenneth17@example.org,vanessa54,SWE,2025-04-17 17:54:11,1988
3ea26861-0e24-4520-b1b2-d7f9fcac4638,diana43@example.org,racheltrujillo,CAN,2023-03-05 08:01:45,1977
4c5b4e76-452f-4433-aaaa-c758e6f2676c,rguerrero@example.org,rioswhitney,TUR,2023-12-11 16:39:02,1991
1e6544e7-54de-4c07-abc1-d643a43ce877,rebecca66@example.net,aguilarwanda,DEU,2023-08-22 09:45:12,1983
d5d2e43b-f717-41c6-b7a9-1a568b813603,matthewreeves@example.net,qknox,GBR,2025-06-22 19:53:31,1987
43899a84-a0be-4751-aafa-78544a2d0d54,william28@example.org,connor24,EGY,2024-05-21 10:50:21,1962
c112359e-e68f-4158-a651-2c2d1d844b71,staceylam@example.net,walkerjeffrey,KOR,2023-06-28 15:59:09,1967
1814cce5-f5fc-42bc-b740-7ee0b24054e0,robert55@example.com,steven17,AUS,2024-03-05 21:24:20,2005
9546833c-5b28-4a6f-86fa-cceb44e72758,delacruzbrandy@example.net,kennedyjames,ESP,2023-12-06 22:26:00,1973
c3bf0ca0-9e0b-4ad3-8385-061b76436c42,dillonpatrick@example.com,jbrown,GBR,2024-12-19 19:22:47,1994
28593633-3b78-4251-a39a-83d151aba8d7,victoriacooper@example.net,tthomas,IDN,2024-08-22 10:32:03,1992
4a7f0b25-6218-411b-8f88-ff01eb2a3c43,kimberlyfreeman@example.net,lawrencebrown,SAU,2023-07-15 04:56:11,1986
1372d26b-51af-4b70-9965-73f976c161ab,whill@example.org,tracygallagher,IND,2023-09-17 04:49:52,2005
bb3aee3c-c4f2-4e95-84d9-257ea821444f,andersonryan@example.com,epatterson,AUS,2025-03-15 17:49:14,2000
d4178f2e-aaf4-4500-ac59-1eec03e01b3b,ismith@example.org,stephanie58,ESP,2025-02-07 16:27:23,1965
84cd10dd-016b-4366-b3ce-02c7dd6998c8,andrewsmith@example.net,jeremywiley,THA,2024-07-23 13:26:14,1991
7cf869cd-f396-4393-940b-8236ca73c22a,david68@example.net,gary04,USA,2023-07-10 16:41:29,2004
a8688a18-c801-41f3-9360-5e535ab97352,stephen89@example.net,ryan25,CAN,2025-12-30 14:28:49,1987
8b4eb7f7-d602-48ba-840e-1f4ee0b0aeb1,mhoward@example.org,osmith,SWE,2024-07-03 11:45:18,1981
1af90580-0ad8-46ea-8c4d-f247e37a9305,jasonjohnson@example.net,daviddawson,FRA,2025-09-20 12:30:54,1963
ef230d4a-dfce-4924-8ccb-e2acc71ceaaa,brooksdanielle@example.net,wheelerbrandon,EGY,2025-07-30 00:35:34,1970
14234fa0-f943-47e7-8b81-afa3e06fe5e3,valdezandrew@example.net,butleromar,USA,2025-05-26 07:21:58,1968
4b246928-ff71-42f6-bc88-52d574850a76,thomas23@example.net,turnerdorothy,TUR,2023-11-22 09:58:36,1983
